[{"model": "admin.logentry", "pk": 1, "fields": {"action_time": "2021-12-07T01:43:57.327Z", "user": 1, "content_type": 3, "object_id": "1", "object_repr": "Administrador", "action_flag": 1, "change_message": "[{\"added\": {}}]"}}, {"model": "admin.logentry", "pk": 2, "fields": {"action_time": "2021-12-07T01:44:43.861Z", "user": 1, "content_type": 3, "object_id": "2", "object_repr": "Gestor", "action_flag": 1, "change_message": "[{\"added\": {}}]"}}, {"model": "admin.logentry", "pk": 3, "fields": {"action_time": "2021-12-07T01:45:30.523Z", "user": 1, "content_type": 3, "object_id": "3", "object_repr": "Revisor", "action_flag": 1, "change_message": "[{\"added\": {}}]"}}, {"model": "admin.logentry", "pk": 4, "fields": {"action_time": "2021-12-07T01:45:50.319Z", "user": 1, "content_type": 3, "object_id": "4", "object_repr": "Postulante", "action_flag": 1, "change_message": "[{\"added\": {}}]"}}, {"model": "admin.logentry", "pk": 5, "fields": {"action_time": "2021-12-07T01:46:06.554Z", "user": 1, "content_type": 4, "object_id": "1", "object_repr": "admin", "action_flag": 2, "change_message": "[{\"changed\": {\"fields\": [\"Groups\"]}}]"}}, {"model": "admin.logentry", "pk": 6, "fields": {"action_time": "2021-12-07T18:19:14.791Z", "user": 1, "content_type": 4, "object_id": "3", "object_repr": "alexAdmin", "action_flag": 3, "change_message": ""}}, {"model": "admin.logentry", "pk": 7, "fields": {"action_time": "2021-12-07T18:19:14.794Z", "user": 1, "content_type": 4, "object_id": "2", "object_repr": "germanAdmin", "action_flag": 3, "change_message": ""}}, {"model": "admin.logentry", "pk": 8, "fields": {"action_time": "2021-12-07T18:19:14.796Z", "user": 1, "content_type": 4, "object_id": "4", "object_repr": "revisor", "action_flag": 3, "change_message": ""}}, {"model": "admin.logentry", "pk": 9, "fields": {"action_time": "2021-12-07T18:26:08.485Z", "user": 1, "content_type": 3, "object_id": "4", "object_repr": "Postulante", "action_flag": 2, "change_message": "[{\"changed\": {\"fields\": [\"Permissions\"]}}]"}}, {"model": "admin.logentry", "pk": 10, "fields": {"action_time": "2021-12-07T18:26:42.254Z", "user": 1, "content_type": 3, "object_id": "3", "object_repr": "Revisor", "action_flag": 2, "change_message": "[{\"changed\": {\"fields\": [\"Permissions\"]}}]"}}, {"model": "admin.logentry", "pk": 11, "fields": {"action_time": "2021-12-07T18:27:46.430Z", "user": 1, "content_type": 4, "object_id": "1", "object_repr": "admin", "action_flag": 2, "change_message": "[{\"changed\": {\"fields\": [\"User permissions\"]}}]"}}, {"model": "admin.logentry", "pk": 12, "fields": {"action_time": "2021-12-07T19:30:58.971Z", "user": 1, "content_type": 8, "object_id": "1", "object_repr": "Inicial", "action_flag": 1, "change_message": "[{\"added\": {}}]"}}, {"model": "admin.logentry", "pk": 13, "fields": {"action_time": "2021-12-07T19:31:11.480Z", "user": 1, "content_type": 8, "object_id": "2", "object_repr": "Corrección", "action_flag": 1, "change_message": "[{\"added\": {}}]"}}, {"model": "admin.logentry", "pk": 14, "fields": {"action_time": "2021-12-07T19:39:24.992Z", "user": 1, "content_type": 9, "object_id": "1", "object_repr": "Publicacion object (1)", "action_flag": 1, "change_message": "[{\"added\": {}}]"}}, {"model": "admin.logentry", "pk": 15, "fields": {"action_time": "2021-12-07T19:40:14.615Z", "user": 1, "content_type": 9, "object_id": "2", "object_repr": "Publicacion object (2)", "action_flag": 1, "change_message": "[{\"added\": {}}]"}}, {"model": "admin.logentry", "pk": 16, "fields": {"action_time": "2021-12-07T19:40:46.582Z", "user": 1, "content_type": 9, "object_id": "3", "object_repr": "Publicacion object (3)", "action_flag": 1, "change_message": "[{\"added\": {}}]"}}, {"model": "admin.logentry", "pk": 17, "fields": {"action_time": "2021-12-07T19:41:11.313Z", "user": 1, "content_type": 9, "object_id": "1", "object_repr": "Publicacion object (1)", "action_flag": 2, "change_message": "[{\"changed\": {\"fields\": [\"Usuario Postulante\"]}}]"}}, {"model": "admin.logentry", "pk": 18, "fields": {"action_time": "2021-12-07T19:41:42.686Z", "user": 1, "content_type": 9, "object_id": "4", "object_repr": "Publicacion object (4)", "action_flag": 1, "change_message": "[{\"added\": {}}]"}}, {"model": "admin.logentry", "pk": 19, "fields": {"action_time": "2021-12-07T19:42:19.327Z", "user": 1, "content_type": 9, "object_id": "5", "object_repr": "Publicacion object (5)", "action_flag": 1, "change_message": "[{\"added\": {}}]"}}, {"model": "admin.logentry", "pk": 20, "fields": {"action_time": "2021-12-07T19:43:08.033Z", "user": 1, "content_type": 9, "object_id": "6", "object_repr": "Publicacion object (6)", "action_flag": 1, "change_message": "[{\"added\": {}}]"}}, {"model": "admin.logentry", "pk": 21, "fields": {"action_time": "2021-12-07T19:43:33.924Z", "user": 1, "content_type": 9, "object_id": "7", "object_repr": "Publicacion object (7)", "action_flag": 1, "change_message": "[{\"added\": {}}]"}}, {"model": "admin.logentry", "pk": 22, "fields": {"action_time": "2021-12-07T19:44:23.494Z", "user": 1, "content_type": 9, "object_id": "8", "object_repr": "Publicacion object (8)", "action_flag": 1, "change_message": "[{\"added\": {}}]"}}, {"model": "admin.logentry", "pk": 23, "fields": {"action_time": "2021-12-07T19:47:25.003Z", "user": 1, "content_type": 10, "object_id": "1", "object_repr": "En espera", "action_flag": 1, "change_message": "[{\"added\": {}}]"}}, {"model": "admin.logentry", "pk": 24, "fields": {"action_time": "2021-12-07T19:47:31.640Z", "user": 1, "content_type": 10, "object_id": "2", "object_repr": "Aceptada", "action_flag": 1, "change_message": "[{\"added\": {}}]"}}, {"model": "admin.logentry", "pk": 25, "fields": {"action_time": "2021-12-07T19:47:35.632Z", "user": 1, "content_type": 10, "object_id": "3", "object_repr": "Re", "action_flag": 1, "change_message": "[{\"added\": {}}]"}}, {"model": "admin.logentry", "pk": 26, "fields": {"action_time": "2021-12-07T19:47:44.670Z", "user": 1, "content_type": 10, "object_id": "3", "object_repr": "Rechazada", "action_flag": 2, "change_message": "[{\"changed\": {\"fields\": [\"Estado de la solicitud\"]}}]"}}, {"model": "admin.logentry", "pk": 27, "fields": {"action_time": "2021-12-07T19:48:59.046Z", "user": 1, "content_type": 11, "object_id": "2", "object_repr": "Revision object (2)", "action_flag": 2, "change_message": "[{\"changed\": {\"fields\": [\"Estado\"]}}]"}}, {"model": "admin.logentry", "pk": 28, "fields": {"action_time": "2021-12-07T19:49:11.495Z", "user": 1, "content_type": 11, "object_id": "3", "object_repr": "Revision object (3)", "action_flag": 2, "change_message": "[{\"changed\": {\"fields\": [\"Estado\"]}}]"}}, {"model": "auth.permission", "pk": 1, "fields": {"name": "Can add log entry", "content_type": 1, "codename": "add_logentry"}}, {"model": "auth.permission", "pk": 2, "fields": {"name": "Can change log entry", "content_type": 1, "codename": "change_logentry"}}, {"model": "auth.permission", "pk": 3, "fields": {"name": "Can delete log entry", "content_type": 1, "codename": "delete_logentry"}}, {"model": "auth.permission", "pk": 4, "fields": {"name": "Can view log entry", "content_type": 1, "codename": "view_logentry"}}, {"model": "auth.permission", "pk": 5, "fields": {"name": "Can add permission", "content_type": 2, "codename": "add_permission"}}, {"model": "auth.permission", "pk": 6, "fields": {"name": "Can change permission", "content_type": 2, "codename": "change_permission"}}, {"model": "auth.permission", "pk": 7, "fields": {"name": "Can delete permission", "content_type": 2, "codename": "delete_permission"}}, {"model": "auth.permission", "pk": 8, "fields": {"name": "Can view permission", "content_type": 2, "codename": "view_permission"}}, {"model": "auth.permission", "pk": 9, "fields": {"name": "Can add group", "content_type": 3, "codename": "add_group"}}, {"model": "auth.permission", "pk": 10, "fields": {"name": "Can change group", "content_type": 3, "codename": "change_group"}}, {"model": "auth.permission", "pk": 11, "fields": {"name": "Can delete group", "content_type": 3, "codename": "delete_group"}}, {"model": "auth.permission", "pk": 12, "fields": {"name": "Can view group", "content_type": 3, "codename": "view_group"}}, {"model": "auth.permission", "pk": 13, "fields": {"name": "Can add user", "content_type": 4, "codename": "add_user"}}, {"model": "auth.permission", "pk": 14, "fields": {"name": "Can change user", "content_type": 4, "codename": "change_user"}}, {"model": "auth.permission", "pk": 15, "fields": {"name": "Can delete user", "content_type": 4, "codename": "delete_user"}}, {"model": "auth.permission", "pk": 16, "fields": {"name": "Can view user", "content_type": 4, "codename": "view_user"}}, {"model": "auth.permission", "pk": 17, "fields": {"name": "Can add content type", "content_type": 5, "codename": "add_contenttype"}}, {"model": "auth.permission", "pk": 18, "fields": {"name": "Can change content type", "content_type": 5, "codename": "change_contenttype"}}, {"model": "auth.permission", "pk": 19, "fields": {"name": "Can delete content type", "content_type": 5, "codename": "delete_contenttype"}}, {"model": "auth.permission", "pk": 20, "fields": {"name": "Can view content type", "content_type": 5, "codename": "view_contenttype"}}, {"model": "auth.permission", "pk": 21, "fields": {"name": "Can add session", "content_type": 6, "codename": "add_session"}}, {"model": "auth.permission", "pk": 22, "fields": {"name": "Can change session", "content_type": 6, "codename": "change_session"}}, {"model": "auth.permission", "pk": 23, "fields": {"name": "Can delete session", "content_type": 6, "codename": "delete_session"}}, {"model": "auth.permission", "pk": 24, "fields": {"name": "Can view session", "content_type": 6, "codename": "view_session"}}, {"model": "auth.permission", "pk": 25, "fields": {"name": "Can add Usuario", "content_type": 7, "codename": "add_usuario"}}, {"model": "auth.permission", "pk": 26, "fields": {"name": "Can change Usuario", "content_type": 7, "codename": "change_usuario"}}, {"model": "auth.permission", "pk": 27, "fields": {"name": "Can delete Usuario", "content_type": 7, "codename": "delete_usuario"}}, {"model": "auth.permission", "pk": 28, "fields": {"name": "Can view Usuario", "content_type": 7, "codename": "view_usuario"}}, {"model": "auth.permission", "pk": 29, "fields": {"name": "Can add estatus", "content_type": 8, "codename": "add_estatus"}}, {"model": "auth.permission", "pk": 30, "fields": {"name": "Can change estatus", "content_type": 8, "codename": "change_estatus"}}, {"model": "auth.permission", "pk": 31, "fields": {"name": "Can delete estatus", "content_type": 8, "codename": "delete_estatus"}}, {"model": "auth.permission", "pk": 32, "fields": {"name": "Can view estatus", "content_type": 8, "codename": "view_estatus"}}, {"model": "auth.permission", "pk": 33, "fields": {"name": "Can add publicacion", "content_type": 9, "codename": "add_publicacion"}}, {"model": "auth.permission", "pk": 34, "fields": {"name": "Can change publicacion", "content_type": 9, "codename": "change_publicacion"}}, {"model": "auth.permission", "pk": 35, "fields": {"name": "Can delete publicacion", "content_type": 9, "codename": "delete_publicacion"}}, {"model": "auth.permission", "pk": 36, "fields": {"name": "Can view publicacion", "content_type": 9, "codename": "view_publicacion"}}, {"model": "auth.permission", "pk": 37, "fields": {"name": "Can add estado", "content_type": 10, "codename": "add_estado"}}, {"model": "auth.permission", "pk": 38, "fields": {"name": "Can change estado", "content_type": 10, "codename": "change_estado"}}, {"model": "auth.permission", "pk": 39, "fields": {"name": "Can delete estado", "content_type": 10, "codename": "delete_estado"}}, {"model": "auth.permission", "pk": 40, "fields": {"name": "Can view estado", "content_type": 10, "codename": "view_estado"}}, {"model": "auth.permission", "pk": 41, "fields": {"name": "Can add revision", "content_type": 11, "codename": "add_revision"}}, {"model": "auth.permission", "pk": 42, "fields": {"name": "Can change revision", "content_type": 11, "codename": "change_revision"}}, {"model": "auth.permission", "pk": 43, "fields": {"name": "Can delete revision", "content_type": 11, "codename": "delete_revision"}}, {"model": "auth.permission", "pk": 44, "fields": {"name": "Can view revision", "content_type": 11, "codename": "view_revision"}}, {"model": "auth.group", "pk": 1, "fields": {"name": "Administrador", "permissions": [5, 6, 7, 8, 13, 14, 15, 16]}}, {"model": "auth.group", "pk": 2, "fields": {"name": "Gestor", "permissions": [37, 38, 39, 40, 41, 42, 43, 44]}}, {"model": "auth.group", "pk": 3, "fields": {"name": "Revisor", "permissions": [42, 44]}}, {"model": "auth.group", "pk": 4, "fields": {"name": "Postulante", "permissions": [33, 34, 35]}}, {"model": "auth.user", "pk": 1, "fields": {"password": "pbkdf2_sha256$260000$UgV41JuRqVyhpcCRErnymX$5c/FPDIGvRFCCetv2ed8MXTt44dOaR8+y0RY52yC+oI=", "last_login": "2021-12-07T19:13:00.199Z", "is_superuser": true, "username": "admin", "first_name": "", "last_name": "", "email": "", "is_staff": true, "is_active": true, "date_joined": "2021-12-07T01:40:42Z", "groups": [1, 2, 4, 3], "user_permissions": [1, 2, 3, 4, 9, 10, 11, 12, 5, 6, 7, 8, 13, 14, 15, 16, 29, 30, 31, 32, 17, 18, 19, 20, 37, 38, 39, 40, 41, 42, 43, 44, 33, 34, 35, 36, 21, 22, 23, 24, 25, 26, 27, 28]}}, {"model": "auth.user", "pk": 5, "fields": {"password": "pbkdf2_sha256$260000$SiMFlkjic0AJ6zZkkVmRdC$uhRnxVEgkZ6za8SKLsldAQ1vtn1a9DUlLXdHnGKXrLE=", "last_login": null, "is_superuser": false, "username": "victorFelix2021", "first_name": "", "last_name": "", "email": "", "is_staff": false, "is_active": true, "date_joined": "2021-12-07T18:20:33.504Z", "groups": [], "user_permissions": []}}, {"model": "auth.user", "pk": 6, "fields": {"password": "pbkdf2_sha256$260000$Z153SaiWpHN3wgLV9XHYsP$odP0nUNm+8zrN5hgZ/f3P/SjyyKJGUKkMIYrWDHhOak=", "last_login": null, "is_superuser": false, "username": "yessAvMr", "first_name": "", "last_name": "", "email": "", "is_staff": false, "is_active": true, "date_joined": "2021-12-07T18:22:15.779Z", "groups": [3, 4], "user_permissions": []}}, {"model": "auth.user", "pk": 7, "fields": {"password": "pbkdf2_sha256$260000$buTzOFrp7RbdLtXOJ2AIaX$EBeCG4BMDviD/pd2hbTgKJI/CP2iUIi3gBFrpdU7gUI=", "last_login": null, "is_superuser": false, "username": "aleEH1999", "first_name": "", "last_name": "", "email": "", "is_staff": false, "is_active": true, "date_joined": "2021-12-07T18:23:21.002Z", "groups": [3, 4], "user_permissions": []}}, {"model": "auth.user", "pk": 8, "fields": {"password": "pbkdf2_sha256$260000$mHQN2tlOt7baNiHKrMqFw0$fBgK7F5x3A/SyI37DKni8G5nYON/d5hVY81QCJocB4U=", "last_login": null, "is_superuser": false, "username": "daniel1998", "first_name": "", "last_name": "", "email": "", "is_staff": false, "is_active": true, "date_joined": "2021-12-07T18:24:31.591Z", "groups": [3, 4], "user_permissions": []}}, {"model": "auth.user", "pk": 9, "fields": {"password": "pbkdf2_sha256$260000$AZK5xwWMmd34D2bs5iMKJt$03uEcpDiP6fYmJQ4pItfn3B21/H+VAHkwIBNkxGF8ZM=", "last_login": null, "is_superuser": false, "username": "alexAdmin", "first_name": "", "last_name": "", "email": "", "is_staff": false, "is_active": true, "date_joined": "2021-12-07T18:36:59.092Z", "groups": [1, 2, 4, 3], "user_permissions": []}}, {"model": "auth.user", "pk": 10, "fields": {"password": "pbkdf2_sha256$260000$ddVUCSNEkG7Q2TTkeVxRUE$eVq/19UDHME4zaI7R4fLfc9BBp+rLXFIEGLgA6Gs5ZQ=", "last_login": null, "is_superuser": false, "username": "germanAdmin", "first_name": "", "last_name": "", "email": "", "is_staff": false, "is_active": true, "date_joined": "2021-12-07T18:37:38.089Z", "groups": [1, 2, 4, 3], "user_permissions": []}}, {"model": "auth.user", "pk": 11, "fields": {"password": "pbkdf2_sha256$260000$XtPWMGdggJeQPLvvLhuSbW$VegS2NYkKUkOC4JHwJEpEwEOF+6cq9JSeT/pCX2eMfI=", "last_login": null, "is_superuser": false, "username": "revisor", "first_name": "", "last_name": "", "email": "", "is_staff": false, "is_active": true, "date_joined": "2021-12-07T18:39:26.500Z", "groups": [3], "user_permissions": []}}, {"model": "auth.user", "pk": 12, "fields": {"password": "pbkdf2_sha256$260000$Ogl1Y6Zl4w9MKz2mrVCk6w$tbwP1HRJdhFV6uNCzJ7AUhxGMtD2xtRV4yZ6+ngRFls=", "last_login": null, "is_superuser": false, "username": "autor", "first_name": "", "last_name": "", "email": "", "is_staff": false, "is_active": true, "date_joined": "2021-12-07T18:40:20.768Z", "groups": [4], "user_permissions": []}}, {"model": "auth.user", "pk": 13, "fields": {"password": "pbkdf2_sha256$260000$5RUK8IBMVY6lBFBmGwgmvR$TCn1HJLPc//xE3IgAQdBHPS9z0V1BNo7eUcVxbHBgNo=", "last_login": null, "is_superuser": false, "username": "no_postulante", "first_name": "", "last_name": "", "email": "", "is_staff": false, "is_active": true, "date_joined": "2021-12-07T18:41:25.011Z", "groups": [], "user_permissions": []}}, {"model": "contenttypes.contenttype", "pk": 1, "fields": {"app_label": "admin", "model": "logentry"}}, {"model": "contenttypes.contenttype", "pk": 2, "fields": {"app_label": "auth", "model": "permission"}}, {"model": "contenttypes.contenttype", "pk": 3, "fields": {"app_label": "auth", "model": "group"}}, {"model": "contenttypes.contenttype", "pk": 4, "fields": {"app_label": "auth", "model": "user"}}, {"model": "contenttypes.contenttype", "pk": 5, "fields": {"app_label": "contenttypes", "model": "contenttype"}}, {"model": "contenttypes.contenttype", "pk": 6, "fields": {"app_label": "sessions", "model": "session"}}, {"model": "contenttypes.contenttype", "pk": 7, "fields": {"app_label": "usuarios", "model": "usuario"}}, {"model": "contenttypes.contenttype", "pk": 8, "fields": {"app_label": "catalogos", "model": "estatus"}}, {"model": "contenttypes.contenttype", "pk": 9, "fields": {"app_label": "publicaciones", "model": "publicacion"}}, {"model": "contenttypes.contenttype", "pk": 10, "fields": {"app_label": "gestion_publicaciones", "model": "estado"}}, {"model": "contenttypes.contenttype", "pk": 11, "fields": {"app_label": "gestion_publicaciones", "model": "revision"}}, {"model": "sessions.session", "pk": "8ocoi1j17no535c7tcazvf0qdizw16cm", "fields": {"session_data": ".eJxVjEEOwiAQRe_C2hCggMWle89AZphBqgaS0q6Md7dNutDte-__t4iwLiWunec4kbgILU6_DCE9ue6CHlDvTaZWl3lCuSfysF3eGvHrerR_BwV62daeyYegfbBKgeZMavDGanImm4QWjLPBJOfMaMezy8ADaEuMpBBwY-LzBciZN5g:1mufnr:pjp-_XL-XJ7anUixOV9D6IiB-4KyDaKXjaU3NbZf8i0", "expire_date": "2021-12-21T19:07:03.722Z"}}, {"model": "sessions.session", "pk": "an15j6bsrm0hmna9s82appnirb3uljhq", "fields": {"session_data": ".eJxVjEEOwiAQRe_C2hCggMWle89AZphBqgaS0q6Md7dNutDte-__t4iwLiWunec4kbgILU6_DCE9ue6CHlDvTaZWl3lCuSfysF3eGvHrerR_BwV62daeyYegfbBKgeZMavDGanImm4QWjLPBJOfMaMezy8ADaEuMpBBwY-LzBciZN5g:1muftc:1Lvul980kjlRhjBxBGJaP7_m8EMKYwq9TNFt6x4yvq4", "expire_date": "2021-12-21T19:13:00.202Z"}}, {"model": "sessions.session", "pk": "grjp6od39l38d9qfgsflyhpdkw26d9cd", "fields": {"session_data": ".eJxVjEEOwiAQRe_C2hCggMWle89AZphBqgaS0q6Md7dNutDte-__t4iwLiWunec4kbgILU6_DCE9ue6CHlDvTaZWl3lCuSfysF3eGvHrerR_BwV62daeyYegfbBKgeZMavDGanImm4QWjLPBJOfMaMezy8ADaEuMpBBwY-LzBciZN5g:1muPU8:QW2s-9NjI0C1aZeFOgXz9dyyj0dICvB8wteYTqu84vc", "expire_date": "2021-12-21T01:41:36.045Z"}}, {"model": "sessions.session", "pk": "kfgv35w1m3cfrkvo8udafep8g3axxt8x", "fields": {"session_data": ".eJxVjEEOwiAQRe_C2hCggMWle89AZphBqgaS0q6Md7dNutDte-__t4iwLiWunec4kbgILU6_DCE9ue6CHlDvTaZWl3lCuSfysF3eGvHrerR_BwV62daeyYegfbBKgeZMavDGanImm4QWjLPBJOfMaMezy8ADaEuMpBBwY-LzBciZN5g:1mufrR:uHdVEMn_pmRcP0AbhdQJIpkmPrcGXzWqhJkrMuK4JfM", "expire_date": "2021-12-21T19:10:45.809Z"}}, {"model": "usuarios.usuario", "pk": 5, "fields": {"nombre": "Víctor", "primer_apellido": "Arellano", "segundo_apellido": "Félix", "correo_electronico": "arrellanoVicFelix@outlook.com"}}, {"model": "usuarios.usuario", "pk": 6, "fields": {"nombre": "Yessica", "primer_apellido": "Acevedo", "segundo_apellido": "Márquez", "correo_electronico": "yessMarquez123@gmail.com"}}, {"model": "usuarios.usuario", "pk": 7, "fields": {"nombre": "Alejandra", "primer_apellido": "Espinoza", "segundo_apellido": "Hernández", "correo_electronico": "ale3343@gmail.com"}}, {"model": "usuarios.usuario", "pk": 8, "fields": {"nombre": "Juan Daniel", "primer_apellido": "Magdaleno", "segundo_apellido": "Arellano", "correo_electronico": "j.Daniel@hotmail.com"}}, {"model": "usuarios.usuario", "pk": 9, "fields": {"nombre": "Alejandro", "primer_apellido": "Carrillo", "segundo_apellido": "Villegas", "correo_electronico": "37186929@uaz.edu.mx"}}, {"model": "usuarios.usuario", "pk": 10, "fields": {"nombre": "José Germán", "primer_apellido": "González", "segundo_apellido": "Rodarte", "correo_electronico": "38192814@uaz.edu.mx"}}, {"model": "usuarios.usuario", "pk": 11, "fields": {"nombre": "Revisor", "primer_apellido": "Revisor", "segundo_apellido": "Revisor", "correo_electronico": "revisor@gmail.com"}}, {"model": "usuarios.usuario", "pk": 12, "fields": {"nombre": "Autor", "primer_apellido": "Autor", "segundo_apellido": "Autor", "correo_electronico": "autor@hotmail.com"}}, {"model": "usuarios.usuario", "pk": 13, "fields": {"nombre": "No Postulante", "primer_apellido": "No Postulante", "segundo_apellido": "No Postulante", "correo_electronico": "no_postulante@gmail.com"}}, {"model": "catalogos.estatus", "pk": 1, "fields": {"descripcion": "Inicial"}}, {"model": "catalogos.estatus", "pk": 2, "fields": {"descripcion": "Corrección"}}, {"model": "publicaciones.publicacion", "pk": 1, "fields": {"archivo": "publicaciones/Artículo_Ejemplo.docx", "titulo": "Publicación 1", "fecha_publicacion": "2021-12-07", "estatus": 1, "autor": 9}}, {"model": "publicaciones.publicacion", "pk": 2, "fields": {"archivo": "publicaciones/Artículo_Ejemplo_BgW27Yi.docx", "titulo": "Publicación 2", "fecha_publicacion": "2021-12-07", "estatus": 1, "autor": 10}}, {"model": "publicaciones.publicacion", "pk": 3, "fields": {"archivo": "publicaciones/Artículo_Ejemplo_6MXTPky.docx", "titulo": "Publicación 3", "fecha_publicacion": "2021-12-07", "estatus": 1, "autor": 9}}, {"model": "publicaciones.publicacion", "pk": 4, "fields": {"archivo": "publicaciones/Actividades_riesgos.docx", "titulo": "Publicación 4", "fecha_publicacion": "2021-12-07", "estatus": 1, "autor": 8}}, {"model": "publicaciones.publicacion", "pk": 5, "fields": {"archivo": "publicaciones/Artículo_Ejemplo_OvLWyQK.docx", "titulo": "Publicación 5", "fecha_publicacion": "2021-12-07", "estatus": 1, "autor": 7}}, {"model": "publicaciones.publicacion", "pk": 6, "fields": {"archivo": "publicaciones/Artículo_Ejemplo_fYizR2r.docx", "titulo": "Publicación 6", "fecha_publicacion": "2021-12-07", "estatus": 1, "autor": 6}}, {"model": "publicaciones.publicacion", "pk": 7, "fields": {"archivo": "publicaciones/Artículo_Ejemplo_Q1VUDpL.docx", "titulo": "Publicación 7", "fecha_publicacion": "2021-12-07", "estatus": 1, "autor": 9}}, {"model": "publicaciones.publicacion", "pk": 8, "fields": {"archivo": "publicaciones/Artículo_Ejemplo_hTHwxxY.docx", "titulo": "Publicación 8", "fecha_publicacion": "2021-12-07", "estatus": 1, "autor": 11}}, {"model": "gestion_publicaciones.revision", "pk": 1, "fields": {"publicacion": 2, "usuario_revisor": 7, "archivo": "", "estado": 1}}, {"model": "gestion_publicaciones.revision", "pk": 2, "fields": {"publicacion": 2, "usuario_revisor": 8, "archivo": "", "estado": 2}}, {"model": "gestion_publicaciones.revision", "pk": 3, "fields": {"publicacion": 2, "usuario_revisor": 9, "archivo": "", "estado": 3}}, {"model": "gestion_publicaciones.revision", "pk": 4, "fields": {"publicacion": 4, "usuario_revisor": 8, "archivo": "", "estado": 1}}, {"model": "gestion_publicaciones.revision", "pk": 5, "fields": {"publicacion": 4, "usuario_revisor": 10, "archivo": "", "estado": 1}}, {"model": "gestion_publicaciones.revision", "pk": 6, "fields": {"publicacion": 4, "usuario_revisor": 11, "archivo": "", "estado": 1}}, {"model": "gestion_publicaciones.estado", "pk": 1, "fields": {"descripcion": "En espera"}}, {"model": "gestion_publicaciones.estado", "pk": 2, "fields": {"descripcion": "Aceptada"}}, {"model": "gestion_publicaciones.estado", "pk": 3, "fields": {"descripcion": "Rechazada"}}]